source,target,optional,kind
acme,cryptography,False,runtime
acme,josepy,False,runtime
acme,pyopenssl,False,runtime
acme,pyrfc3339,False,runtime
acme,pytz,False,runtime
acme,requests,False,runtime
acme,sphinx,True,optional
acme,sphinx_rtd_theme,True,optional
acme,pytest,True,optional
acme,pytest-xdist,True,optional
acme,typing-extensions,True,optional
cryptography,sphinx,True,optional
cryptography,pyenchant,True,optional
cryptography,readme-renderer,True,optional
cryptography,sphinxcontrib-spelling,True,optional
cryptography,nox,True,optional
cryptography,click,True,optional
cryptography,mypy,True,optional
cryptography,ruff,True,optional
cryptography,build,True,optional
cryptography,bcrypt,True,optional
cryptography,pytest-randomly,True,optional
cryptography,certifi,True,optional
cryptography,cryptography-vectors,True,optional
cryptography,pretend,True,optional
cryptography,pytest,True,optional
cryptography,pytest-benchmark,True,optional
cryptography,pytest-cov,True,optional
cryptography,pytest-xdist,True,optional
cryptography,cffi,True,optional
cryptography,check-sdist,True,optional
cryptography,nox[uv],True,optional
cryptography,sphinx-inline-tabs,True,optional
cryptography,sphinx-rtd-theme,True,optional
pyopenssl,cryptography,False,runtime
pyopenssl,sphinx,True,optional
pyopenssl,sphinx_rtd_theme,True,optional
pyopenssl,pretend,True,optional
pyopenssl,pytest,True,optional
pyopenssl,pytest-rerunfailures,True,optional
pyopenssl,typing-extensions,True,optional
requests,certifi,False,runtime
requests,charset_normalizer,False,runtime
requests,idna,False,runtime
requests,urllib3,False,runtime
requests,pysocks,True,optional
requests,chardet,True,optional
pytest,iniconfig,False,runtime
pytest,packaging,False,runtime
pytest,pluggy,False,runtime
pytest,pygments,False,runtime
pytest,argcomplete,True,optional
pytest,attrs,True,optional
pytest,hypothesis,True,optional
pytest,mock,True,optional
pytest,requests,True,optional
pytest,setuptools,True,optional
pytest,xmlschema,True,optional
pytest,colorama,True,optional
pytest,exceptiongroup,True,optional
pytest,tomli,True,optional
aiobotocore,aiohttp,False,runtime
aiobotocore,aioitertools,False,runtime
aiobotocore,botocore,False,runtime
aiobotocore,wrapt,False,runtime
aiobotocore,awscli,True,optional
aiobotocore,boto3,True,optional
aiohttp,async-timeout,False,runtime
aiohttp,attrs,False,runtime
aiohttp,chardet,False,runtime
aiohttp,multidict,False,runtime
aiohttp,typing-extensions,False,runtime
aiohttp,yarl,False,runtime
aiohttp,aiodns,True,optional
aiohttp,brotli,True,optional
aiohttp,cchardet,True,optional
aiohttp,idna-ssl,True,optional
botocore,jmespath,False,runtime
botocore,python-dateutil,False,runtime
botocore,urllib3,False,runtime
botocore,awscrt,True,optional
awscli,botocore,False,runtime
awscli,colorama,False,runtime
awscli,docutils,False,runtime
awscli,pyyaml,False,runtime
awscli,rsa,False,runtime
awscli,s3transfer,False,runtime
boto3,botocore,True,optional
boto3,jmespath,False,runtime
boto3,s3transfer,False,runtime
attrs,hypothesis,True,optional
attrs,pympler,True,optional
attrs,pytest,True,optional
attrs,pytest-codspeed,True,optional
attrs,pytest-xdist[psutil],True,optional
attrs,coverage[toml],True,optional
attrs,pre-commit-uv,True,optional
attrs,cogapp,True,optional
attrs,furo,True,optional
attrs,myst-parser,True,optional
attrs,sphinx,True,optional
attrs,sphinx-notfound-page,True,optional
attrs,sphinxcontrib-towncrier,True,optional
attrs,towncrier,True,optional
attrs,cloudpickle,True,optional
attrs,mypy,True,optional
attrs,pytest-mypy-plugins,True,optional
multidict,typing-extensions,True,optional
yarl,idna,False,runtime
yarl,multidict,False,runtime
aiosignal,frozenlist,False,runtime
aiosignal,typing-extensions,True,optional
alembic,mako,False,runtime
alembic,sqlalchemy,False,runtime
alembic,tomli,False,runtime
alembic,typing-extensions,False,runtime
alembic,tzdata,True,optional
sqlalchemy,greenlet,True,optional
sqlalchemy,importlib-metadata,False,runtime
sqlalchemy,typing-extensions,False,runtime
sqlalchemy,aiomysql,True,optional
sqlalchemy,aioodbc,True,optional
sqlalchemy,aiosqlite,True,optional
sqlalchemy,typing_extensions,True,optional
sqlalchemy,asyncmy,True,optional
sqlalchemy,mariadb,True,optional
sqlalchemy,pymssql,True,optional
sqlalchemy,pyodbc,True,optional
sqlalchemy,mypy,True,optional
sqlalchemy,mysql-connector-python,True,optional
sqlalchemy,mysqlclient,True,optional
sqlalchemy,oracledb,True,optional
sqlalchemy,cx_oracle,True,optional
sqlalchemy,asyncpg,True,optional
sqlalchemy,pg8000,True,optional
sqlalchemy,psycopg2-binary,True,optional
sqlalchemy,psycopg2cffi,True,optional
sqlalchemy,psycopg,True,optional
sqlalchemy,psycopg2,True,optional
sqlalchemy,pymysql,True,optional
sqlalchemy,sqlcipher3_binary,True,optional
aliyun-python-sdk-core,pycryptodome,False,runtime
annotated-types,typing-extensions,True,optional
anyio,idna,False,runtime
anyio,sniffio,False,runtime
anyio,packaging,True,optional
anyio,sphinx,True,optional
anyio,sphinx-autodoc-typehints,True,optional
anyio,sphinx_rtd_theme,True,optional
anyio,anyio[trio],True,optional
anyio,blockbuster,True,optional
anyio,coverage[toml],True,optional
anyio,exceptiongroup,True,optional
anyio,hypothesis,True,optional
anyio,psutil,True,optional
anyio,pytest,True,optional
anyio,trustme,True,optional
anyio,trio,True,optional
anyio,truststore,True,optional
anyio,typing_extensions,True,optional
anyio,uvloop,True,optional
idna,flake8,True,optional
idna,mypy,True,optional
idna,pytest,True,optional
idna,ruff,True,optional
exceptiongroup,pytest,True,optional
exceptiongroup,typing-extensions,True,optional
psutil,abi3audit,True,optional
psutil,black,True,optional
psutil,check-manifest,True,optional
psutil,coverage,True,optional
psutil,packaging,True,optional
psutil,pylint,True,optional
psutil,pyperf,True,optional
psutil,pypinfo,True,optional
psutil,pytest,True,optional
psutil,pytest-cov,True,optional
psutil,pytest-xdist,True,optional
psutil,requests,True,optional
psutil,rstcheck,True,optional
psutil,ruff,True,optional
psutil,setuptools,True,optional
psutil,sphinx,True,optional
psutil,sphinx_rtd_theme,True,optional
psutil,toml-sort,True,optional
psutil,twine,True,optional
psutil,virtualenv,True,optional
psutil,vulture,True,optional
psutil,wheel,True,optional
rsa,pyasn1,False,runtime
s3transfer,botocore,False,runtime
s3transfer,botocore[crt],True,optional
awswrangler,boto3,False,runtime
awswrangler,botocore,False,runtime
awswrangler,packaging,False,runtime
awswrangler,pyarrow,False,runtime
awswrangler,typing-extensions,False,runtime
awswrangler,deltalake,True,optional
awswrangler,aiohttp,True,optional
awswrangler,async-timeout,True,optional
awswrangler,gremlinpython,True,optional
awswrangler,requests,True,optional
awswrangler,pymysql,True,optional
awswrangler,openpyxl,True,optional
awswrangler,jsonpath-ng,True,optional
awswrangler,opensearch-py,True,optional
awswrangler,requests-aws4auth,True,optional
awswrangler,oracledb,True,optional
awswrangler,pg8000,True,optional
awswrangler,progressbar2,True,optional
awswrangler,"ray[data,default]",True,optional
awswrangler,redshift-connector,True,optional
awswrangler,sparqlwrapper,True,optional
awswrangler,pyodbc,True,optional
awswrangler,geopandas,True,optional
awswrangler,modin,True,optional
awswrangler,numpy,True,optional
awswrangler,pandas,True,optional
awswrangler,setuptools,True,optional
pyarrow,numpy,False,runtime
openpyxl,et-xmlfile,False,runtime
pandas,python-dateutil,False,runtime
pandas,pytz,False,runtime
pandas,tzdata,False,runtime
pandas,adbc-driver-postgresql,True,optional
pandas,adbc-driver-sqlite,True,optional
pandas,beautifulsoup4,True,optional
pandas,bottleneck,True,optional
pandas,dataframe-api-compat,True,optional
pandas,fastparquet,True,optional
pandas,fsspec,True,optional
pandas,gcsfs,True,optional
pandas,html5lib,True,optional
pandas,hypothesis,True,optional
pandas,jinja2,True,optional
pandas,lxml,True,optional
pandas,matplotlib,True,optional
pandas,numba,True,optional
pandas,numexpr,True,optional
pandas,odfpy,True,optional
pandas,openpyxl,True,optional
pandas,pandas-gbq,True,optional
pandas,psycopg2,True,optional
pandas,pyarrow,True,optional
pandas,pymysql,True,optional
pandas,pyqt5,True,optional
pandas,pyreadstat,True,optional
pandas,pytest,True,optional
pandas,pytest-xdist,True,optional
pandas,python-calamine,True,optional
pandas,pyxlsb,True,optional
pandas,qtpy,True,optional
pandas,s3fs,True,optional
pandas,scipy,True,optional
pandas,sqlalchemy,True,optional
pandas,tables,True,optional
pandas,tabulate,True,optional
pandas,xarray,True,optional
pandas,xlrd,True,optional
pandas,xlsxwriter,True,optional
pandas,zstandard,True,optional
pandas,numpy,True,optional
setuptools,pytest-checkdocs,True,optional
setuptools,pytest-ruff,True,optional
setuptools,ruff,True,optional
setuptools,importlib_metadata,True,optional
setuptools,jaraco.functools,True,optional
setuptools,jaraco.text,True,optional
setuptools,more_itertools,True,optional
setuptools,packaging,True,optional
setuptools,platformdirs,True,optional
setuptools,tomli,True,optional
setuptools,wheel,True,optional
setuptools,pytest-cov,True,optional
setuptools,furo,True,optional
setuptools,jaraco.packaging,True,optional
setuptools,jaraco.tidelift,True,optional
setuptools,pygments-github-lexers,True,optional
setuptools,pyproject-hooks,True,optional
setuptools,rst.linker,True,optional
setuptools,sphinx,True,optional
setuptools,sphinx-favicon,True,optional
setuptools,sphinx-inline-tabs,True,optional
setuptools,sphinx-lint,True,optional
setuptools,sphinx-notfound-page,True,optional
setuptools,sphinx-reredirects,True,optional
setuptools,sphinxcontrib-towncrier,True,optional
setuptools,towncrier,True,optional
setuptools,pytest-enabler,True,optional
setuptools,build,True,optional
setuptools,filelock,True,optional
setuptools,ini2toml,True,optional
setuptools,jaraco.develop,True,optional
setuptools,jaraco.envs,True,optional
setuptools,jaraco.path,True,optional
setuptools,jaraco.test,True,optional
setuptools,pip,True,optional
setuptools,pytest,True,optional
setuptools,pytest-home,True,optional
setuptools,pytest-perf,True,optional
setuptools,pytest-subprocess,True,optional
setuptools,pytest-timeout,True,optional
setuptools,pytest-xdist,True,optional
setuptools,tomli-w,True,optional
setuptools,virtualenv,True,optional
setuptools,mypy,True,optional
setuptools,pytest-mypy,True,optional
azure-core,requests,False,runtime
azure-core,six,False,runtime
azure-core,azure-nspkg,True,optional
azure-core,enum34,True,optional
azure-core,typing,True,optional
azure-identity,azure-core,False,runtime
azure-identity,cryptography,False,runtime
azure-identity,msal,False,runtime
azure-identity,msal-extensions,False,runtime
azure-identity,six,False,runtime
msal,cryptography,False,runtime
msal,pyjwt[crypto],False,runtime
msal,requests,False,runtime
msal-extensions,msal,False,runtime
msal-extensions,portalocker,True,optional
bcrypt,pytest,True,optional
bcrypt,mypy,True,optional
beautifulsoup4,html5lib,True,optional
beautifulsoup4,lxml,True,optional
beautifulsoup4,soupsieve,True,optional
lxml,cssselect,True,optional
lxml,lxml_html_clean,True,optional
lxml,html5lib,True,optional
lxml,beautifulsoup4,True,optional
python-dateutil,six,False,runtime
urllib3,h2,True,optional
urllib3,pysocks,True,optional
urllib3,brotli,True,optional
urllib3,brotlicffi,True,optional
urllib3,zstandard,True,optional
build,packaging,False,runtime
build,pyproject_hooks,False,runtime
build,furo,True,optional
build,sphinx,True,optional
build,sphinx-argparse-cli,True,optional
build,sphinx-autodoc-typehints,True,optional
build,sphinx-issues,True,optional
build,"build[uv,virtualenv]",True,optional
build,filelock,True,optional
build,pytest,True,optional
build,pytest-cov,True,optional
build,pytest-mock,True,optional
build,pytest-rerunfailures,True,optional
build,pytest-xdist,True,optional
build,setuptools,True,optional
build,wheel,True,optional
build,build[uv],True,optional
build,importlib-metadata,True,optional
build,mypy,True,optional
build,tomli,True,optional
build,typing-extensions,True,optional
build,colorama,True,optional
build,uv,True,optional
build,virtualenv,True,optional
filelock,covdefaults,True,optional
filelock,coverage,True,optional
filelock,furo,True,optional
filelock,pytest,True,optional
filelock,pytest-cov,True,optional
filelock,pytest-timeout,True,optional
filelock,sphinx,True,optional
filelock,sphinx-autodoc-typehints,True,optional
pytest-cov,coverage[toml],False,runtime
pytest-cov,pluggy,False,runtime
pytest-cov,pytest,False,runtime
pytest-cov,fields,True,optional
pytest-cov,hunter,True,optional
pytest-cov,process-tests,True,optional
pytest-cov,pytest-xdist,True,optional
pytest-cov,virtualenv,True,optional
wheel,pytest,True,optional
wheel,setuptools,True,optional
importlib-metadata,zipp,False,runtime
importlib-metadata,pytest-checkdocs,True,optional
importlib-metadata,pytest-cov,True,optional
importlib-metadata,furo,True,optional
importlib-metadata,jaraco.packaging,True,optional
importlib-metadata,jaraco.tidelift,True,optional
importlib-metadata,rst.linker,True,optional
importlib-metadata,sphinx,True,optional
importlib-metadata,sphinx-lint,True,optional
importlib-metadata,pytest-enabler,True,optional
importlib-metadata,ipython,True,optional
importlib-metadata,flufl.flake8,True,optional
importlib-metadata,jaraco.test,True,optional
importlib-metadata,packaging,True,optional
importlib-metadata,pyfakefs,True,optional
importlib-metadata,pytest,True,optional
importlib-metadata,pytest-perf,True,optional
importlib-metadata,pytest-mypy,True,optional
importlib-metadata,importlib_resources,True,optional
importlib-metadata,pytest-ruff,True,optional
importlib-metadata,typing-extensions,True,optional
virtualenv,backports.entry-points-selectable,False,runtime
virtualenv,distlib,False,runtime
virtualenv,filelock,False,runtime
virtualenv,platformdirs,False,runtime
virtualenv,six,False,runtime
virtualenv,coverage,True,optional
virtualenv,coverage-enable-subprocess,True,optional
virtualenv,flaky,True,optional
virtualenv,importlib-metadata,True,optional
virtualenv,importlib-resources,True,optional
virtualenv,packaging,True,optional
virtualenv,pathlib2,True,optional
virtualenv,proselint,True,optional
virtualenv,pytest,True,optional
virtualenv,pytest-env,True,optional
virtualenv,pytest-freezegun,True,optional
virtualenv,pytest-mock,True,optional
virtualenv,pytest-randomly,True,optional
virtualenv,pytest-timeout,True,optional
virtualenv,sphinx,True,optional
virtualenv,sphinx-argparse,True,optional
virtualenv,sphinx-rtd-theme,True,optional
virtualenv,towncrier,True,optional
certbot-dns-cloudflare,acme,False,runtime
certbot-dns-cloudflare,certbot,False,runtime
certbot-dns-cloudflare,cloudflare,False,runtime
certbot-dns-cloudflare,sphinx,True,optional
certbot-dns-cloudflare,sphinx_rtd_theme,True,optional
certbot-dns-cloudflare,pytest,True,optional
cloudflare,anyio,False,runtime
cloudflare,distro,False,runtime
cloudflare,httpx,False,runtime
cloudflare,pydantic,False,runtime
cloudflare,sniffio,False,runtime
cloudflare,typing-extensions,False,runtime
cffi,pycparser,False,runtime
click,colorama,True,optional
httpx,h11,False,runtime
httpx,truststore,False,runtime
pydantic,annotated-types,False,runtime
pydantic,pydantic-core,False,runtime
pydantic,email-validator,True,optional
pydantic,typing-extensions,True,optional
pydantic,tzdata,True,optional
coverage,tomli,True,optional
deprecated,wrapt,False,runtime
deprecated,bump2version,True,optional
deprecated,jinja2,True,optional
deprecated,pytest,True,optional
deprecated,pytest-cov,True,optional
deprecated,sphinx,True,optional
deprecated,tox,True,optional
deprecated,setuptools,True,optional
jinja2,markupsafe,False,runtime
jinja2,babel,True,optional
dill,objgraph,True,optional
dill,gprof2dot,True,optional
dnspython,black,True,optional
dnspython,coverage,True,optional
dnspython,flake8,True,optional
dnspython,hypercorn,True,optional
dnspython,mypy,True,optional
dnspython,pylint,True,optional
dnspython,pytest,True,optional
dnspython,pytest-cov,True,optional
dnspython,quart-trio,True,optional
dnspython,sphinx,True,optional
dnspython,sphinx-rtd-theme,True,optional
dnspython,twine,True,optional
dnspython,wheel,True,optional
dnspython,cryptography,True,optional
dnspython,h2,True,optional
dnspython,httpcore,True,optional
dnspython,httpx,True,optional
dnspython,aioquic,True,optional
dnspython,idna,True,optional
dnspython,trio,True,optional
dnspython,wmi,True,optional
httpcore,certifi,False,runtime
httpcore,h11,False,runtime
httpcore,anyio,True,optional
httpcore,h2,True,optional
httpcore,socksio,True,optional
httpcore,trio,True,optional
fastapi,pydantic,False,runtime
fastapi,starlette,False,runtime
fastapi,typing-extensions,False,runtime
fastapi,email-validator,True,optional
fastapi,httpx,True,optional
fastapi,itsdangerous,True,optional
fastapi,jinja2,True,optional
fastapi,orjson,True,optional
fastapi,python-multipart,True,optional
fastapi,pyyaml,True,optional
fastapi,ujson,True,optional
fastapi,uvicorn[standard],True,optional
starlette,anyio,False,runtime
starlette,typing-extensions,False,runtime
starlette,httpx,True,optional
starlette,itsdangerous,True,optional
starlette,jinja2,True,optional
starlette,python-multipart,True,optional
starlette,pyyaml,True,optional
fastjsonschema,colorama,True,optional
fastjsonschema,json-spec,True,optional
fastjsonschema,jsonschema,True,optional
fastjsonschema,pylint,True,optional
fastjsonschema,pytest,True,optional
fastjsonschema,pytest-benchmark,True,optional
fastjsonschema,pytest-cache,True,optional
fastjsonschema,validictory,True,optional
jsonschema,attrs,False,runtime
jsonschema,pyrsistent,False,runtime
jsonschema,fqdn,True,optional
jsonschema,idna,True,optional
jsonschema,importlib-metadata,True,optional
jsonschema,importlib-resources,True,optional
jsonschema,isoduration,True,optional
jsonschema,jsonpointer,True,optional
jsonschema,pkgutil-resolve-name,True,optional
jsonschema,rfc3339-validator,True,optional
jsonschema,rfc3986-validator,True,optional
jsonschema,rfc3987,True,optional
jsonschema,typing-extensions,True,optional
jsonschema,uri-template,True,optional
jsonschema,webcolors,True,optional
flask,blinker,False,runtime
flask,click,False,runtime
flask,itsdangerous,False,runtime
flask,jinja2,False,runtime
flask,markupsafe,False,runtime
flask,werkzeug,False,runtime
flask,asgiref,True,optional
flask,python-dotenv,True,optional
flask,importlib-metadata,True,optional
werkzeug,markupsafe,False,runtime
werkzeug,watchdog,True,optional
python-dotenv,click,True,optional
fonttools,brotli,True,optional
fonttools,brotlipy,True,optional
fonttools,fs,True,optional
fonttools,lxml,True,optional
fonttools,lz4,True,optional
fonttools,matplotlib,True,optional
fonttools,munkres,True,optional
fonttools,scipy,True,optional
fonttools,sympy,True,optional
fonttools,unicodedata2,True,optional
fonttools,xattr,True,optional
fonttools,zopfli,True,optional
matplotlib,contourpy,False,runtime
matplotlib,cycler,False,runtime
matplotlib,fonttools,False,runtime
matplotlib,kiwisolver,False,runtime
matplotlib,numpy,False,runtime
matplotlib,packaging,False,runtime
matplotlib,pillow,False,runtime
matplotlib,pyparsing,False,runtime
matplotlib,python-dateutil,False,runtime
matplotlib,meson-python,True,optional
matplotlib,pybind11,True,optional
matplotlib,setuptools,True,optional
matplotlib,setuptools_scm,True,optional
scipy,numpy,False,runtime
scipy,flake8,True,optional
scipy,mypy,True,optional
scipy,pycodestyle,True,optional
scipy,typing_extensions,True,optional
scipy,matplotlib,True,optional
scipy,numpydoc,True,optional
scipy,pydata-sphinx-theme,True,optional
scipy,sphinx,True,optional
scipy,sphinx-panels,True,optional
scipy,sphinx-tabs,True,optional
scipy,asv,True,optional
scipy,gmpy2,True,optional
scipy,mpmath,True,optional
scipy,pytest,True,optional
scipy,pytest-cov,True,optional
scipy,pytest-xdist,True,optional
scipy,scikit-umfpack,True,optional
scipy,threadpoolctl,True,optional
fsspec,adlfs,True,optional
fsspec,pyarrow,True,optional
fsspec,dask,True,optional
fsspec,distributed,True,optional
fsspec,pre-commit,True,optional
fsspec,ruff,True,optional
fsspec,numpydoc,True,optional
fsspec,sphinx,True,optional
fsspec,sphinx-design,True,optional
fsspec,sphinx-rtd-theme,True,optional
fsspec,yarl,True,optional
fsspec,dropbox,True,optional
fsspec,dropboxdrivefs,True,optional
fsspec,requests,True,optional
fsspec,aiohttp,True,optional
fsspec,fusepy,True,optional
fsspec,gcsfs,True,optional
fsspec,libarchive-c,True,optional
fsspec,ocifs,True,optional
fsspec,panel,True,optional
fsspec,paramiko,True,optional
fsspec,pygit2,True,optional
fsspec,s3fs,True,optional
fsspec,smbprotocol,True,optional
fsspec,tqdm,True,optional
fsspec,aiobotocore,True,optional
fsspec,"dask[dataframe,test]",True,optional
fsspec,moto[server],True,optional
fsspec,pytest-timeout,True,optional
fsspec,xarray,True,optional
fsspec,cloudpickle,True,optional
fsspec,fastparquet,True,optional
fsspec,jinja2,True,optional
fsspec,kerchunk,True,optional
fsspec,lz4,True,optional
fsspec,notebook,True,optional
fsspec,numpy,True,optional
fsspec,pandas,True,optional
fsspec,pyftpdlib,True,optional
fsspec,pytest,True,optional
fsspec,pytest-asyncio,True,optional
fsspec,pytest-benchmark,True,optional
fsspec,pytest-cov,True,optional
fsspec,pytest-mock,True,optional
fsspec,pytest-recording,True,optional
fsspec,pytest-rerunfailures,True,optional
fsspec,python-snappy,True,optional
fsspec,urllib3,True,optional
fsspec,zarr,True,optional
fsspec,zstandard,True,optional
paramiko,bcrypt,False,runtime
paramiko,cryptography,False,runtime
paramiko,pynacl,False,runtime
paramiko,invoke,True,optional
paramiko,pyasn1,True,optional
paramiko,gssapi,True,optional
paramiko,pywin32,True,optional
s3fs,aiobotocore,False,runtime
s3fs,aiohttp,False,runtime
s3fs,fsspec,False,runtime
s3fs,aiobotocore[awscli],True,optional
s3fs,aiobotocore[boto3],True,optional
tqdm,colorama,False,runtime
tqdm,nbval,True,optional
tqdm,pytest,True,optional
tqdm,pytest-asyncio,True,optional
tqdm,pytest-cov,True,optional
tqdm,pytest-timeout,True,optional
tqdm,requests,True,optional
tqdm,ipywidgets,True,optional
tqdm,slack-sdk,True,optional
zstandard,cffi,True,optional
gitdb,smmap,False,runtime
gitpython,gitdb,False,runtime
google-api-core,google-auth,False,runtime
google-api-core,googleapis-common-protos,False,runtime
google-api-core,protobuf,False,runtime
google-api-core,requests,False,runtime
google-api-core,grpcio,True,optional
google-api-core,grpcio-gcp,True,optional
google-api-core,grpcio-status,True,optional
google-auth,cachetools,False,runtime
google-auth,pyasn1-modules,False,runtime
google-auth,six,False,runtime
google-auth,aiohttp,True,optional
google-auth,cryptography,True,optional
google-auth,enum34,True,optional
google-auth,pyopenssl,True,optional
google-auth,pyu2f,True,optional
google-auth,requests,True,optional
google-auth,rsa,True,optional
googleapis-common-protos,protobuf,False,runtime
googleapis-common-protos,grpcio,True,optional
grpcio,enum34,False,runtime
grpcio,futures,False,runtime
grpcio,protobuf,False,runtime
grpcio,six,False,runtime
grpcio-status,googleapis-common-protos,False,runtime
grpcio-status,grpcio,False,runtime
grpcio-status,protobuf,False,runtime
google-api-python-client,google-api-core,False,runtime
google-api-python-client,google-auth,False,runtime
google-api-python-client,google-auth-httplib2,False,runtime
google-api-python-client,httplib2,False,runtime
google-api-python-client,uritemplate,False,runtime
google-auth-oauthlib,google-auth,False,runtime
google-auth-oauthlib,requests-oauthlib,False,runtime
google-auth-oauthlib,click,True,optional
requests-oauthlib,oauthlib,False,runtime
requests-oauthlib,requests,False,runtime
requests-oauthlib,oauthlib[signedtoken],True,optional
pyasn1-modules,pyasn1,False,runtime
google-cloud-core,google-api-core,False,runtime
google-cloud-core,google-auth,False,runtime
google-cloud-core,grpcio,True,optional
google-cloud-core,grpcio-status,True,optional
google-cloud-core,importlib-metadata,True,optional
google-cloud-storage,google-api-core,False,runtime
google-cloud-storage,google-auth,False,runtime
google-cloud-storage,google-cloud-core,False,runtime
google-cloud-storage,google-crc32c,False,runtime
google-cloud-storage,google-resumable-media,False,runtime
google-cloud-storage,requests,False,runtime
google-cloud-storage,protobuf,True,optional
google-cloud-storage,opentelemetry-api,True,optional
google-crc32c,pytest,True,optional
google-crc32c,importlib_resources,True,optional
google-resumable-media,google-crc32c,False,runtime
google-resumable-media,aiohttp,True,optional
google-resumable-media,google-auth,True,optional
google-resumable-media,requests,True,optional
opentelemetry-api,deprecated,False,runtime
opentelemetry-api,setuptools,False,runtime
opentelemetry-api,aiocontextvars,True,optional
google-genai,anyio,False,runtime
google-genai,google-auth,False,runtime
google-genai,httpx,False,runtime
google-genai,pydantic,False,runtime
google-genai,requests,False,runtime
google-genai,typing-extensions,False,runtime
google-genai,websockets,False,runtime
greenlet,furo,True,optional
greenlet,sphinx,True,optional
greenlet,objgraph,True,optional
greenlet,psutil,True,optional
grpcio-health-checking,grpcio,False,runtime
grpcio-health-checking,protobuf,False,runtime
grpcio-tools,grpcio,False,runtime
grpcio-tools,protobuf,False,runtime
huggingface-hub,filelock,False,runtime
huggingface-hub,packaging,False,runtime
huggingface-hub,pyyaml,False,runtime
huggingface-hub,requests,False,runtime
huggingface-hub,tqdm,False,runtime
huggingface-hub,typing-extensions,False,runtime
huggingface-hub,black,True,optional
huggingface-hub,datasets,True,optional
huggingface-hub,fastai,True,optional
huggingface-hub,fastcore,True,optional
huggingface-hub,flake8,True,optional
huggingface-hub,flake8-bugbear,True,optional
huggingface-hub,graphviz,True,optional
huggingface-hub,importlib-metadata,True,optional
huggingface-hub,isort,True,optional
huggingface-hub,pydot,True,optional
huggingface-hub,pytest,True,optional
huggingface-hub,pytest-cov,True,optional
huggingface-hub,soundfile,True,optional
huggingface-hub,tensorflow,True,optional
huggingface-hub,toml,True,optional
huggingface-hub,torch,True,optional
zipp,flake8,True,optional
zipp,func-timeout,True,optional
zipp,furo,True,optional
zipp,jaraco.functools,True,optional
zipp,jaraco.itertools,True,optional
zipp,jaraco.packaging,True,optional
zipp,jaraco.tidelift,True,optional
zipp,more-itertools,True,optional
zipp,pytest,True,optional
zipp,pytest-black,True,optional
zipp,pytest-checkdocs,True,optional
zipp,pytest-cov,True,optional
zipp,pytest-enabler,True,optional
zipp,pytest-flake8,True,optional
zipp,pytest-mypy,True,optional
zipp,rst.linker,True,optional
zipp,sphinx,True,optional
importlib-resources,pytest-checkdocs,True,optional
importlib-resources,pytest-cov,True,optional
importlib-resources,furo,True,optional
importlib-resources,jaraco.packaging,True,optional
importlib-resources,jaraco.tidelift,True,optional
importlib-resources,rst.linker,True,optional
importlib-resources,sphinx,True,optional
importlib-resources,sphinx-lint,True,optional
importlib-resources,pytest-enabler,True,optional
importlib-resources,jaraco.test,True,optional
importlib-resources,pytest,True,optional
importlib-resources,zipp,True,optional
importlib-resources,pytest-mypy,True,optional
importlib-resources,pytest-ruff,True,optional
jaraco.classes,more-itertools,False,runtime
jaraco.classes,furo,True,optional
jaraco.classes,jaraco.packaging,True,optional
jaraco.classes,jaraco.tidelift,True,optional
jaraco.classes,rst.linker,True,optional
jaraco.classes,sphinx,True,optional
jaraco.classes,sphinx-lint,True,optional
jaraco.classes,pytest,True,optional
jaraco.classes,pytest-checkdocs,True,optional
jaraco.classes,pytest-cov,True,optional
jaraco.classes,pytest-enabler,True,optional
jaraco.classes,pytest-mypy,True,optional
jaraco.classes,pytest-ruff,True,optional
jaraco.functools,more_itertools,False,runtime
jaraco.functools,pytest-checkdocs,True,optional
jaraco.functools,pytest-cov,True,optional
jaraco.functools,furo,True,optional
jaraco.functools,jaraco.packaging,True,optional
jaraco.functools,jaraco.tidelift,True,optional
jaraco.functools,rst.linker,True,optional
jaraco.functools,sphinx,True,optional
jaraco.functools,sphinx-lint,True,optional
jaraco.functools,pytest-enabler,True,optional
jaraco.functools,jaraco.classes,True,optional
jaraco.functools,pytest,True,optional
jaraco.functools,pytest-mypy,True,optional
jaraco.functools,pytest-ruff,True,optional
jeepney,async-timeout,True,optional
jeepney,pytest,True,optional
jeepney,pytest-asyncio,True,optional
jeepney,pytest-trio,True,optional
jeepney,testpath,True,optional
jeepney,trio,True,optional
jsonschema-specifications,referencing,False,runtime
referencing,attrs,False,runtime
referencing,pyrsistent,False,runtime
referencing,yarl,False,runtime
keyring,importlib_metadata,False,runtime
keyring,importlib_resources,False,runtime
keyring,jaraco.classes,False,runtime
keyring,jaraco.context,False,runtime
keyring,jaraco.functools,False,runtime
keyring,jeepney,False,runtime
keyring,pywin32-ctypes,False,runtime
keyring,secretstorage,False,runtime
keyring,pytest-checkdocs,True,optional
keyring,pytest-ruff,True,optional
keyring,shtab,True,optional
keyring,pytest-cov,True,optional
keyring,furo,True,optional
keyring,jaraco.packaging,True,optional
keyring,jaraco.tidelift,True,optional
keyring,rst.linker,True,optional
keyring,sphinx,True,optional
keyring,sphinx-lint,True,optional
keyring,pytest-enabler,True,optional
keyring,pyfakefs,True,optional
keyring,pytest,True,optional
keyring,pygobject-stubs,True,optional
keyring,pytest-mypy,True,optional
keyring,types-pywin32,True,optional
secretstorage,cryptography,False,runtime
secretstorage,jeepney,False,runtime
langchain,aiohttp,False,runtime
langchain,langchain-core,False,runtime
langchain,langchain-text-splitters,False,runtime
langchain,langsmith,False,runtime
langchain,pydantic,False,runtime
langchain,pyyaml,False,runtime
langchain,requests,False,runtime
langchain,sqlalchemy,False,runtime
langchain,tenacity,False,runtime
langchain,async-timeout,True,optional
langchain,numpy,True,optional
langsmith,httpx,False,runtime
langsmith,packaging,False,runtime
langsmith,pydantic,False,runtime
langsmith,requests,False,runtime
langsmith,requests-toolbelt,False,runtime
langsmith,zstandard,False,runtime
langsmith,langsmith-pyo3,True,optional
langsmith,openai-agents,True,optional
langsmith,opentelemetry-api,True,optional
langsmith,opentelemetry-exporter-otlp-proto-http,True,optional
langsmith,opentelemetry-sdk,True,optional
langsmith,pytest,True,optional
langsmith,rich,True,optional
langsmith,orjson,True,optional
tenacity,reno,True,optional
tenacity,sphinx,True,optional
tenacity,pytest,True,optional
tenacity,tornado,True,optional
tenacity,typeguard,True,optional
requests-toolbelt,requests,False,runtime
opentelemetry-sdk,opentelemetry-api,False,runtime
opentelemetry-sdk,opentelemetry-semantic-conventions,False,runtime
opentelemetry-sdk,setuptools,False,runtime
opentelemetry-sdk,typing-extensions,False,runtime
opentelemetry-sdk,dataclasses,True,optional
rich,colorama,False,runtime
rich,commonmark,False,runtime
rich,pygments,False,runtime
rich,typing-extensions,False,runtime
rich,ipywidgets,True,optional
rich,dataclasses,True,optional
markdown-it-py,mdurl,False,runtime
markdown-it-py,psutil,True,optional
markdown-it-py,pytest,True,optional
markdown-it-py,pytest-benchmark,True,optional
markdown-it-py,pre-commit,True,optional
markdown-it-py,commonmark,True,optional
markdown-it-py,markdown,True,optional
markdown-it-py,mistletoe,True,optional
markdown-it-py,mistune,True,optional
markdown-it-py,panflute,True,optional
markdown-it-py,linkify-it-py,True,optional
markdown-it-py,mdit-py-plugins,True,optional
markdown-it-py,gprof2dot,True,optional
markdown-it-py,jupyter_sphinx,True,optional
markdown-it-py,myst-parser,True,optional
markdown-it-py,pyyaml,True,optional
markdown-it-py,sphinx,True,optional
markdown-it-py,sphinx-copybutton,True,optional
markdown-it-py,sphinx-design,True,optional
markdown-it-py,sphinx_book_theme,True,optional
markdown-it-py,coverage,True,optional
markdown-it-py,pytest-cov,True,optional
markdown-it-py,pytest-regressions,True,optional
pillow,check-manifest,True,optional
pillow,coverage,True,optional
pillow,defusedxml,True,optional
pillow,furo,True,optional
pillow,markdown2,True,optional
pillow,olefile,True,optional
pillow,packaging,True,optional
pillow,pyroma,True,optional
pillow,pytest,True,optional
pillow,pytest-cov,True,optional
pillow,pytest-timeout,True,optional
pillow,sphinx,True,optional
pillow,sphinx-copybutton,True,optional
pillow,sphinx-inline-tabs,True,optional
pillow,sphinx-removed-in,True,optional
pillow,sphinxext-opengraph,True,optional
pyparsing,jinja2,True,optional
pyparsing,railroad-diagrams,True,optional
networkx,matplotlib,True,optional
networkx,numpy,True,optional
networkx,pandas,True,optional
networkx,scipy,True,optional
networkx,mypy,True,optional
networkx,pre-commit,True,optional
networkx,intersphinx-registry,True,optional
networkx,myst-nb,True,optional
networkx,numpydoc,True,optional
networkx,pillow,True,optional
networkx,pydata-sphinx-theme,True,optional
networkx,sphinx,True,optional
networkx,sphinx-gallery,True,optional
networkx,texext,True,optional
networkx,cairocffi,True,optional
networkx,contextily,True,optional
networkx,igraph,True,optional
networkx,momepy,True,optional
networkx,osmnx,True,optional
networkx,scikit-learn,True,optional
networkx,seaborn,True,optional
networkx,lxml,True,optional
networkx,pydot,True,optional
networkx,pygraphviz,True,optional
networkx,sympy,True,optional
networkx,pytest-mpl,True,optional
networkx,pytest-randomly,True,optional
networkx,pytest,True,optional
networkx,pytest-cov,True,optional
networkx,pytest-xdist,True,optional
scikit-learn,joblib,True,optional
scikit-learn,numpy,True,optional
scikit-learn,scipy,True,optional
scikit-learn,threadpoolctl,True,optional
scikit-learn,matplotlib,True,optional
scikit-learn,memory_profiler,True,optional
scikit-learn,pandas,True,optional
scikit-learn,cython,True,optional
scikit-learn,meson-python,True,optional
scikit-learn,numpydoc,True,optional
scikit-learn,pillow,True,optional
scikit-learn,plotly,True,optional
scikit-learn,polars,True,optional
scikit-learn,pooch,True,optional
scikit-learn,pydata-sphinx-theme,True,optional
scikit-learn,scikit-image,True,optional
scikit-learn,seaborn,True,optional
scikit-learn,sphinx,True,optional
scikit-learn,sphinx-copybutton,True,optional
scikit-learn,sphinx-design,True,optional
scikit-learn,sphinx-gallery,True,optional
scikit-learn,sphinx-prompt,True,optional
scikit-learn,sphinx-remove-toctrees,True,optional
scikit-learn,sphinxcontrib-sass,True,optional
scikit-learn,sphinxext-opengraph,True,optional
scikit-learn,towncrier,True,optional
scikit-learn,conda-lock,True,optional
scikit-learn,mypy,True,optional
scikit-learn,pyamg,True,optional
scikit-learn,pyarrow,True,optional
scikit-learn,pytest,True,optional
scikit-learn,pytest-cov,True,optional
scikit-learn,ruff,True,optional
oauthlib,cryptography,True,optional
oauthlib,blinker,True,optional
oauthlib,pyjwt,True,optional
pyjwt,cryptography,True,optional
pyjwt,coverage[toml],True,optional
pyjwt,pre-commit,True,optional
pyjwt,pytest,True,optional
pyjwt,sphinx,True,optional
pyjwt,sphinx-rtd-theme,True,optional
pyjwt,zope.interface,True,optional
openai,anyio,False,runtime
openai,distro,False,runtime
openai,httpx,False,runtime
openai,jiter,False,runtime
openai,pydantic,False,runtime
openai,sniffio,False,runtime
openai,tqdm,False,runtime
openai,typing-extensions,False,runtime
openai,aiohttp,True,optional
openai,httpx-aiohttp,True,optional
openai,numpy,True,optional
openai,pandas,True,optional
openai,pandas-stubs,True,optional
openai,websockets,True,optional
openai,sounddevice,True,optional
opentelemetry-instrumentation,opentelemetry-api,False,runtime
opentelemetry-instrumentation,wrapt,False,runtime
opentelemetry-proto,protobuf,False,runtime
opentelemetry-semantic-conventions,opentelemetry-api,False,runtime
opentelemetry-semantic-conventions,typing-extensions,False,runtime
tabulate,wcwidth,True,optional
pexpect,ptyprocess,False,runtime
pip,mock,True,optional
pip,pretend,True,optional
pip,pytest,True,optional
pip,scripttest,True,optional
pip,virtualenv,True,optional
pkginfo,pytest,True,optional
pkginfo,pytest-cov,True,optional
platformdirs,furo,True,optional
platformdirs,proselint,True,optional
platformdirs,sphinx,True,optional
platformdirs,sphinx-autodoc-typehints,True,optional
platformdirs,appdirs,True,optional
platformdirs,covdefaults,True,optional
platformdirs,pytest,True,optional
platformdirs,pytest-cov,True,optional
platformdirs,pytest-mock,True,optional
platformdirs,mypy,True,optional
pluggy,pre-commit,True,optional
pluggy,tox,True,optional
pluggy,coverage,True,optional
pluggy,pytest,True,optional
pluggy,pytest-benchmark,True,optional
prompt-toolkit,wcwidth,False,runtime
wcwidth,backports.functools-lru-cache,True,optional
proto-plus,protobuf,False,runtime
proto-plus,google-api-core,True,optional
pydantic-core,typing-extensions,False,runtime
pygments,colorama,True,optional
pyzmq,cffi,True,optional
rapidfuzz,numpy,True,optional
ruamel.yaml,ruamel.yaml.clib,False,runtime
ruamel.yaml,mercurial,True,optional
ruamel.yaml,ryd,True,optional
ruamel.yaml,ruamel.yaml.jinja2,True,optional
snowflake-connector-python,asn1crypto,False,runtime
snowflake-connector-python,certifi,False,runtime
snowflake-connector-python,cffi,False,runtime
snowflake-connector-python,charset-normalizer,False,runtime
snowflake-connector-python,cryptography,False,runtime
snowflake-connector-python,filelock,False,runtime
snowflake-connector-python,idna,False,runtime
snowflake-connector-python,packaging,False,runtime
snowflake-connector-python,platformdirs,False,runtime
snowflake-connector-python,pyjwt,False,runtime
snowflake-connector-python,pyopenssl,False,runtime
snowflake-connector-python,pytz,False,runtime
snowflake-connector-python,requests,False,runtime
snowflake-connector-python,sortedcontainers,False,runtime
snowflake-connector-python,tomlkit,False,runtime
snowflake-connector-python,typing-extensions,False,runtime
snowflake-connector-python,coverage,True,optional
snowflake-connector-python,cython,True,optional
snowflake-connector-python,more-itertools,True,optional
snowflake-connector-python,numpy,True,optional
snowflake-connector-python,pendulum,True,optional
snowflake-connector-python,pexpect,True,optional
snowflake-connector-python,pytest,True,optional
snowflake-connector-python,pytest-cov,True,optional
snowflake-connector-python,pytest-rerunfailures,True,optional
snowflake-connector-python,pytest-timeout,True,optional
snowflake-connector-python,pytest-xdist,True,optional
snowflake-connector-python,pytzdata,True,optional
snowflake-connector-python,pandas,True,optional
snowflake-connector-python,pyarrow,True,optional
snowflake-connector-python,keyring,True,optional
snowflake-connector-python,importlib-metadata,True,optional
snowflake-connector-python,urllib3,True,optional
types-requests,urllib3,False,runtime
typing-inspection,typing-extensions,False,runtime
uvicorn,click,False,runtime
uvicorn,h11,False,runtime
uvicorn,typing-extensions,False,runtime
uvicorn,colorama,True,optional
uvicorn,httptools,True,optional
uvicorn,python-dotenv,True,optional
uvicorn,pyyaml,True,optional
uvicorn,uvloop,True,optional
uvicorn,watchfiles,True,optional
uvicorn,websockets,True,optional
weaviate-client,authlib,False,runtime
weaviate-client,grpcio,False,runtime
weaviate-client,grpcio-health-checking,False,runtime
weaviate-client,grpcio-tools,False,runtime
weaviate-client,httpx,False,runtime
weaviate-client,pydantic,False,runtime
weaviate-client,requests,False,runtime
weaviate-client,validators,False,runtime
websocket-client,myst-parser,True,optional
websocket-client,sphinx,True,optional
websocket-client,sphinx-rtd-theme,True,optional
websocket-client,python-socks,True,optional
websocket-client,wsaccel,True,optional
websocket-client,websockets,True,optional
yandexcloud,cryptography,False,runtime
yandexcloud,deprecated,False,runtime
yandexcloud,googleapis-common-protos,False,runtime
yandexcloud,grpcio,False,runtime
yandexcloud,grpcio-tools,False,runtime
yandexcloud,protobuf,False,runtime
yandexcloud,pyjwt,False,runtime
yandexcloud,requests,False,runtime
yandexcloud,six,False,runtime
